location_set_version_id,location_set_id,location_id,parent_id,path_to_top_parent,level,is_estimate,most_detailed,sort_order,location_name,location_ascii_name,location_name_short,location_name_medium,location_type_id,location_type,map_id,super_region_id,super_region_name,region_id,region_name,ihme_loc_id,local_id,developed,start_date,end_date,date_inserted,last_updated,last_updated_by,last_updated_action
986,120,102,102,102,0,0,0,1.0,United States of America,United States of America,United States,United States of America,2,admin0,,,,,,USA,USA,1,2021-12-14 11:42:45,,2021-12-14 11:42:45,2021-12-14 11:42:45,cheth,INSERT
986,120,523,102,"102,523",1,0,0,2.0,Alabama,Alabama,Alabama,Alabama,3,admin1,,,,,,USA_523,US-AL,1,2021-12-14 11:42:45,,2021-12-14 11:42:45,2021-12-14 11:42:45,cheth,INSERT
986,120,596,523,"102,523,596",2,0,1,3.0,Jefferson County,Jefferson County,Jefferson,Jefferson County,4,admin2,,,,,,USA_596,1073,1,2021-12-14 11:42:45,,2021-12-14 11:42:45,2021-12-14 11:42:45,cheth,INSERT
986,120,524,102,"102,524",1,0,0,4.0,Alaska,Alaska,Alaska,Alaska,3,admin1,,,,,,USA_524,US-AK,1,2021-12-14 11:42:45,,2021-12-14 11:42:45,2021-12-14 11:42:45,cheth,INSERT
986,120,660,524,"102,524,660",2,0,1,5.0,Aleutians East Borough,Aleutians East Borough,Aleutians E,Aleutians East Borough,4,admin2,,,,,,USA_660,2013,1,2021-12-14 11:42:45,,2021-12-14 11:42:45,2021-12-14 11:42:45,cheth,INSERT
986,120,661,524,"102,524,661",2,0,1,6.0,Aleutians West Census Area,Aleutians West Census Area,Aleutians W,Aleutians West Census Area,4,admin2,,,,,,USA_661,2016,1,2021-12-14 11:42:45,,2021-12-14 11:42:45,2021-12-14 11:42:45,cheth,INSERT
986,120,649,524,"102,524,649",2,0,1,7.0,Anchorage Municipality,Anchorage Municipality,Anchorage,Anchorage Municipality,4,admin2,,,,,,USA_649,2020,1,2021-12-14 11:42:45,,2021-12-14 11:42:45,2021-12-14 11:42:45,cheth,INSERT
986,120,648,524,"102,524,648",2,0,1,8.0,Bethel Census Area,Bethel Census Area,Bethel,Bethel Census Area,4,admin2,,,,,,USA_648,2050,1,2021-12-14 11:42:45,,2021-12-14 11:42:45,2021-12-14 11:42:45,cheth,INSERT
986,120,644,524,"102,524,644",2,0,1,9.0,Bristol Bay Borough,Bristol Bay Borough,Bristol Bay,Bristol Bay Borough,4,admin2,,,,,,USA_644,2060,1,2021-12-14 11:42:45,,2021-12-14 11:42:45,2021-12-14 11:42:45,cheth,INSERT
986,120,667,524,"102,524,667",2,0,1,10.0,Denali Borough,Denali Borough,Denali,Denali Borough,4,admin2,,,,,,USA_667,2068,1,2021-12-14 11:42:45,,2021-12-14 11:42:45,2021-12-14 11:42:45,cheth,INSERT
986,120,651,524,"102,524,651",2,0,1,11.0,Dillingham Census Area,Dillingham Census Area,Dillingham,Dillingham Census Area,4,admin2,,,,,,USA_651,2070,1,2021-12-14 11:42:45,,2021-12-14 11:42:45,2021-12-14 11:42:45,cheth,INSERT
986,120,643,524,"102,524,643",2,0,1,12.0,Fairbanks North Star Borough,Fairbanks North Star Borough,Fairbanks North Star,Fairbanks North Star Borough,4,admin2,,,,,,USA_643,2090,1,2021-12-14 11:42:45,,2021-12-14 11:42:45,2021-12-14 11:42:45,cheth,INSERT
986,120,653,524,"102,524,653",2,0,1,13.0,Haines Borough,Haines Borough,Haines,Haines Borough,4,admin2,,,,,,USA_653,2100,1,2021-12-14 11:42:45,,2021-12-14 11:42:45,2021-12-14 11:42:45,cheth,INSERT
986,120,4990,524,"102,524,4990",2,0,1,14.0,Hoonah-Angoon Census Area,Hoonah-Angoon Census Area,Hoonah-Angoon,Hoonah-Angoon Census Area,4,admin2,,,,,,USA_4990,2105,1,2021-12-14 11:42:45,,2021-12-14 11:42:45,2021-12-14 11:42:45,cheth,INSERT
986,120,654,524,"102,524,654",2,0,1,15.0,Juneau City and Borough,Juneau City and Borough,Juneau,Juneau City and Borough,4,admin2,,,,,,USA_654,2110,1,2021-12-14 11:42:45,,2021-12-14 11:42:45,2021-12-14 11:42:45,cheth,INSERT
986,120,650,524,"102,524,650",2,0,1,16.0,Kenai Peninsula Borough,Kenai Peninsula Borough,Kenai Peninsula,Kenai Peninsula Borough,4,admin2,,,,,,USA_650,2122,1,2021-12-14 11:42:45,,2021-12-14 11:42:45,2021-12-14 11:42:45,cheth,INSERT
986,120,658,524,"102,524,658",2,0,1,17.0,Ketchikan Gateway Borough,Ketchikan Gateway Borough,Ketchikan Gateway,Ketchikan Gateway Borough,4,admin2,,,,,,USA_658,2130,1,2021-12-14 11:42:45,,2021-12-14 11:42:45,2021-12-14 11:42:45,cheth,INSERT
986,120,655,524,"102,524,655",2,0,1,18.0,Kodiak Island Borough,Kodiak Island Borough,Kodiak Island,Kodiak Island Borough,4,admin2,,,,,,USA_655,2150,1,2021-12-14 11:42:45,,2021-12-14 11:42:45,2021-12-14 11:42:45,cheth,INSERT
986,120,44633,524,"102,524,44633",2,0,1,19.0,Kusilvak Census Area,Kusilvak Census Area,Kusilvak,Kusilvak Census Area,4,admin2,,,,,,USA_44633,2158,,2021-12-14 11:42:45,,2021-12-14 11:42:45,2021-12-14 11:42:45,cheth,INSERT
986,120,652,524,"102,524,652",2,0,1,20.0,Lake and Peninsula Borough,Lake and Peninsula Borough,Lake & Peninsula,Lake and Peninsula Borough,4,admin2,,,,,,USA_652,2164,1,2021-12-14 11:42:45,,2021-12-14 11:42:45,2021-12-14 11:42:45,cheth,INSERT
986,120,646,524,"102,524,646",2,0,1,21.0,Matanuska-Susitna Borough,Matanuska-Susitna Borough,Matanuska-Susitna,Matanuska-Susitna Borough,4,admin2,,,,,,USA_646,2170,1,2021-12-14 11:42:45,,2021-12-14 11:42:45,2021-12-14 11:42:45,cheth,INSERT
986,120,645,524,"102,524,645",2,0,1,22.0,Nome Census Area,Nome Census Area,Nome,Nome Census Area,4,admin2,,,,,,USA_645,2180,1,2021-12-14 11:42:45,,2021-12-14 11:42:45,2021-12-14 11:42:45,cheth,INSERT
986,120,641,524,"102,524,641",2,0,1,23.0,North Slope Borough,North Slope Borough,N Slope,North Slope Borough,4,admin2,,,,,,USA_641,2185,1,2021-12-14 11:42:45,,2021-12-14 11:42:45,2021-12-14 11:42:45,cheth,INSERT
986,120,642,524,"102,524,642",2,0,1,24.0,Northwest Arctic Borough,Northwest Arctic Borough,NW Arctic,Northwest Arctic Borough,4,admin2,,,,,,USA_642,2188,1,2021-12-14 11:42:45,,2021-12-14 11:42:45,2021-12-14 11:42:45,cheth,INSERT
986,120,4991,524,"102,524,4991",2,0,1,25.0,Petersburg Borough,Petersburg Borough,Petersburg,Petersburg Borough,4,admin2,,,,,,USA_4991,2195,1,2021-12-14 11:42:45,,2021-12-14 11:42:45,2021-12-14 11:42:45,cheth,INSERT
986,120,4992,524,"102,524,4992",2,0,1,26.0,Prince of Wales-Hyder Census Area,Prince of Wales-Hyder Census Area,Wales-Hyder,Prince of Wales-Hyder Census Area,4,admin2,,,,,,USA_4992,2198,1,2021-12-14 11:42:45,,2021-12-14 11:42:45,2021-12-14 11:42:45,cheth,INSERT
986,120,656,524,"102,524,656",2,0,1,27.0,Sitka City and Borough,Sitka City and Borough,Sitka,Sitka City and Borough,4,admin2,,,,,,USA_656,2220,1,2021-12-14 11:42:45,,2021-12-14 11:42:45,2021-12-14 11:42:45,cheth,INSERT
986,120,4993,524,"102,524,4993",2,0,1,28.0,Skagway Municipality,Skagway Municipality,Skagway,Skagway Municipality,4,admin2,,,,,,USA_4993,2230,1,2021-12-14 11:42:45,,2021-12-14 11:42:45,2021-12-14 11:42:45,cheth,INSERT
986,120,666,524,"102,524,666",2,0,1,29.0,Southeast Fairbanks Census Area,Southeast Fairbanks Census Area,SE Fairbanks,Southeast Fairbanks Census Area,4,admin2,,,,,,USA_666,2240,1,2021-12-14 11:42:45,,2021-12-14 11:42:45,2021-12-14 11:42:45,cheth,INSERT
986,120,662,524,"102,524,662",2,0,1,30.0,Valdez-Cordova Census Area,Valdez-Cordova Census Area,Valdez-Cordova,Valdez-Cordova Census Area,4,admin2,,,,,,USA_662,2261,1,2021-12-14 11:42:45,,2021-12-14 11:42:45,2021-12-14 11:42:45,cheth,INSERT
986,120,647,524,"102,524,647",2,0,1,31.0,Wade Hampton Census Area,Wade Hampton Census Area,Wade Hampton,Wade Hampton Census Area,4,admin2,,,,,,USA_647,2270,1,2021-12-14 11:42:45,,2021-12-14 11:42:45,2021-12-14 11:42:45,cheth,INSERT
986,120,4994,524,"102,524,4994",2,0,1,32.0,Wrangell City and Borough,Wrangell City and Borough,Wrangell,Wrangell City and Borough,4,admin2,,,,,,USA_4994,2275,1,2021-12-14 11:42:45,,2021-12-14 11:42:45,2021-12-14 11:42:45,cheth,INSERT
986,120,663,524,"102,524,663",2,0,1,33.0,Yakutat City and Borough,Yakutat City and Borough,Yakutat,Yakutat City and Borough,4,admin2,,,,,,USA_663,2282,1,2021-12-14 11:42:45,,2021-12-14 11:42:45,2021-12-14 11:42:45,cheth,INSERT
986,120,665,524,"102,524,665",2,0,1,34.0,Yukon-Koyukuk Census Area,Yukon-Koyukuk Census Area,Yukon-Koyukuk,Yukon-Koyukuk Census Area,4,admin2,,,,,,USA_665,2290,1,2021-12-14 11:42:45,,2021-12-14 11:42:45,2021-12-14 11:42:45,cheth,INSERT
986,120,525,102,"102,525",1,0,0,35.0,Arizona,Arizona,Arizona,Arizona,3,admin1,,,,,,USA_525,US-AZ,1,2021-12-14 11:42:45,,2021-12-14 11:42:45,2021-12-14 11:42:45,cheth,INSERT
986,120,675,525,"102,525,675",2,0,1,36.0,Maricopa County,Maricopa County,Maricopa,Maricopa County,4,admin2,,,,,,USA_675,4013,1,2021-12-14 11:42:45,,2021-12-14 11:42:45,2021-12-14 11:42:45,cheth,INSERT
986,120,682,525,"102,525,682",2,0,1,37.0,Santa Cruz County,Santa Cruz County,Santa Cruz,Santa Cruz County,4,admin2,,,,,,USA_682,4023,1,2021-12-14 11:42:45,,2021-12-14 11:42:45,2021-12-14 11:42:45,cheth,INSERT
986,120,672,525,"102,525,672",2,0,1,38.0,Yavapai County,Yavapai County,Yavapai,Yavapai County,4,admin2,,,,,,USA_672,4025,1,2021-12-14 11:42:45,,2021-12-14 11:42:45,2021-12-14 11:42:45,cheth,INSERT
986,120,526,102,"102,526",1,0,0,39.0,Arkansas,Arkansas,Arkansas,Arkansas,3,admin1,,,,,,USA_526,US-AR,1,2021-12-14 11:42:45,,2021-12-14 11:42:45,2021-12-14 11:42:45,cheth,INSERT
986,120,709,526,"102,526,709",2,0,1,40.0,Cleburne County,Cleburne County,Cleburne,Cleburne County,4,admin2,,,,,,USA_709,5023,1,2021-12-14 11:42:45,,2021-12-14 11:42:45,2021-12-14 11:42:45,cheth,INSERT
986,120,725,526,"102,526,725",2,0,1,41.0,Pulaski County,Pulaski County,Pulaski,Pulaski County,4,admin2,,,,,,USA_725,5119,1,2021-12-14 11:42:45,,2021-12-14 11:42:45,2021-12-14 11:42:45,cheth,INSERT
986,120,715,526,"102,526,715",2,0,1,42.0,Woodruff County,Woodruff County,Woodruff,Woodruff County,4,admin2,,,,,,USA_715,5147,1,2021-12-14 11:42:45,,2021-12-14 11:42:45,2021-12-14 11:42:45,cheth,INSERT
986,120,527,102,"102,527",1,0,0,43.0,California,California,California,California,3,admin1,,,,,,USA_527,US-CA,1,2021-12-14 11:42:45,,2021-12-14 11:42:45,2021-12-14 11:42:45,cheth,INSERT
986,120,792,527,"102,527,792",2,0,1,44.0,Alameda County,Alameda County,Alameda,Alameda County,4,admin2,,,,,,USA_792,6001,1,2021-12-14 11:42:45,,2021-12-14 11:42:45,2021-12-14 11:42:45,cheth,INSERT
986,120,777,527,"102,527,777",2,0,1,45.0,El Dorado County,El Dorado County,El Dorado,El Dorado County,4,admin2,,,,,,USA_777,6017,1,2021-12-14 11:42:45,,2021-12-14 11:42:45,2021-12-14 11:42:45,cheth,INSERT
986,120,815,527,"102,527,815",2,0,1,46.0,Imperial County,Imperial County,Imperial,Imperial County,4,admin2,,,,,,USA_815,6025,1,2021-12-14 11:42:45,,2021-12-14 11:42:45,2021-12-14 11:42:45,cheth,INSERT
986,120,814,527,"102,527,814",2,0,1,47.0,Los Angeles County,Los Angeles County,Los Angeles,Los Angeles County,4,admin2,,,,,,USA_814,6037,1,2021-12-14 11:42:45,,2021-12-14 11:42:45,2021-12-14 11:42:45,cheth,INSERT
986,120,812,527,"102,527,812",2,0,1,48.0,Orange County,Orange County,Orange,Orange County,4,admin2,,,,,,USA_812,6059,1,2021-12-14 11:42:45,,2021-12-14 11:42:45,2021-12-14 11:42:45,cheth,INSERT
986,120,775,527,"102,527,775",2,0,1,49.0,Placer County,Placer County,Placer,Placer County,4,admin2,,,,,,USA_775,6061,1,2021-12-14 11:42:45,,2021-12-14 11:42:45,2021-12-14 11:42:45,cheth,INSERT
986,120,807,527,"102,527,807",2,0,1,50.0,San Bernardino County,San Bernardino County,San Bernardino,San Bernardino County,4,admin2,,,,,,USA_807,6071,1,2021-12-14 11:42:45,,2021-12-14 11:42:45,2021-12-14 11:42:45,cheth,INSERT
986,120,813,527,"102,527,813",2,0,1,51.0,San Diego County,San Diego County,San Diego,San Diego County,4,admin2,,,,,,USA_813,6073,1,2021-12-14 11:42:45,,2021-12-14 11:42:45,2021-12-14 11:42:45,cheth,INSERT
986,120,794,527,"102,527,794",2,0,1,52.0,San Francisco County,San Francisco County,San Francisco,San Francisco County,4,admin2,,,,,,USA_794,6075,1,2021-12-14 11:42:45,,2021-12-14 11:42:45,2021-12-14 11:42:45,cheth,INSERT
986,120,799,527,"102,527,799",2,0,1,53.0,Santa Clara County,Santa Clara County,Santa Clara,Santa Clara County,4,admin2,,,,,,USA_799,6085,1,2021-12-14 11:42:45,,2021-12-14 11:42:45,2021-12-14 11:42:45,cheth,INSERT
986,120,809,527,"102,527,809",2,0,1,54.0,Ventura County,Ventura County,Ventura,Ventura County,4,admin2,,,,,,USA_809,6111,1,2021-12-14 11:42:45,,2021-12-14 11:42:45,2021-12-14 11:42:45,cheth,INSERT
986,120,528,102,"102,528",1,0,0,55.0,Colorado,Colorado,Colorado,Colorado,3,admin1,,,,,,USA_528,US-CO,1,2021-12-14 11:42:45,,2021-12-14 11:42:45,2021-12-14 11:42:45,cheth,INSERT
986,120,828,528,"102,528,828",2,0,1,56.0,Boulder County,Boulder County,Boulder,Boulder County,4,admin2,,,,,,USA_828,8013,1,2021-12-14 11:42:45,,2021-12-14 11:42:45,2021-12-14 11:42:45,cheth,INSERT
986,120,879,528,"102,528,879",2,0,1,57.0,Broomfield County,Broomfield County,Broomfield,Broomfield County,4,admin2,,,,,,USA_879,8014,1,2021-12-14 11:42:45,,2021-12-14 11:42:45,2021-12-14 11:42:45,cheth,INSERT
986,120,852,528,"102,528,852",2,0,1,58.0,Cheyenne County,Cheyenne County,Cheyenne,Cheyenne County,4,admin2,,,,,,USA_852,8017,1,2021-12-14 11:42:45,,2021-12-14 11:42:45,2021-12-14 11:42:45,cheth,INSERT
986,120,837,528,"102,528,837",2,0,1,59.0,Denver County,Denver County,Denver,Denver County,4,admin2,,,,,,USA_837,8031,1,2021-12-14 11:42:45,,2021-12-14 11:42:45,2021-12-14 11:42:45,cheth,INSERT
986,120,835,528,"102,528,835",2,0,1,60.0,Jefferson County,Jefferson County,Jefferson,Jefferson County,4,admin2,,,,,,USA_835,8059,1,2021-12-14 11:42:45,,2021-12-14 11:42:45,2021-12-14 11:42:45,cheth,INSERT
986,120,822,528,"102,528,822",2,0,1,61.0,Larimer County,Larimer County,Larimer,Larimer County,4,admin2,,,,,,USA_822,8069,1,2021-12-14 11:42:45,,2021-12-14 11:42:45,2021-12-14 11:42:45,cheth,INSERT
986,120,529,102,"102,529",1,0,0,62.0,Connecticut,Connecticut,Connecticut,Connecticut,3,admin1,,,,,,USA_529,US-CT,1,2021-12-14 11:42:45,,2021-12-14 11:42:45,2021-12-14 11:42:45,cheth,INSERT
986,120,885,529,"102,529,885",2,0,1,63.0,Fairfield County,Fairfield County,Fairfield,Fairfield County,4,admin2,,,,,,USA_885,9001,1,2021-12-14 11:42:45,,2021-12-14 11:42:45,2021-12-14 11:42:45,cheth,INSERT
986,120,880,529,"102,529,880",2,0,1,64.0,Litchfield County,Litchfield County,Litchfield,Litchfield County,4,admin2,,,,,,USA_880,9005,1,2021-12-14 11:42:45,,2021-12-14 11:42:45,2021-12-14 11:42:45,cheth,INSERT
986,120,883,529,"102,529,883",2,0,1,65.0,Windham County,Windham County,Windham,Windham County,4,admin2,,,,,,USA_883,9015,1,2021-12-14 11:42:45,,2021-12-14 11:42:45,2021-12-14 11:42:45,cheth,INSERT
986,120,530,102,"102,530",1,0,1,66.0,Delaware,Delaware,Delaware,Delaware,3,admin1,,,,,,USA_530,US-DE,1,2021-12-14 11:42:45,,2021-12-14 11:42:45,2021-12-14 11:42:45,cheth,INSERT
986,120,531,102,"102,531",1,0,0,67.0,District of Columbia,District of Columbia,DC,District of Columbia,3,admin1,,,,,,USA_531,US-DC,1,2021-12-14 11:42:45,,2021-12-14 11:42:45,2021-12-14 11:42:45,cheth,INSERT
986,120,891,531,"102,531,891",2,0,1,68.0,District of Columbia,District of Columbia,DC,District of Columbia,4,admin2,,,,,,USA_891,11001,1,2021-12-14 11:42:45,,2021-12-14 11:42:45,2021-12-14 11:42:45,cheth,INSERT
986,120,532,102,"102,532",1,0,0,69.0,Florida,Florida,Florida,Florida,3,admin1,,,,,,USA_532,US-FL,1,2021-12-14 11:42:45,,2021-12-14 11:42:45,2021-12-14 11:42:45,cheth,INSERT
986,120,956,532,"102,532,956",2,0,1,70.0,Broward County,Broward County,Broward,Broward County,4,admin2,,,,,,USA_956,12011,1,2021-12-14 11:42:45,,2021-12-14 11:42:45,2021-12-14 11:42:45,cheth,INSERT
986,120,951,532,"102,532,951",2,0,1,71.0,Charlotte County,Charlotte County,Charlotte,Charlotte County,4,admin2,,,,,,USA_951,12015,1,2021-12-14 11:42:45,,2021-12-14 11:42:45,2021-12-14 11:42:45,cheth,INSERT
986,120,940,532,"102,532,940",2,0,1,72.0,Hillsborough County,Hillsborough County,Hillsborough,Hillsborough County,4,admin2,,,,,,USA_940,12057,1,2021-12-14 11:42:45,,2021-12-14 11:42:45,2021-12-14 11:42:45,cheth,INSERT
986,120,941,532,"102,532,941",2,0,1,73.0,Indian River County,Indian River County,Indian River,Indian River County,4,admin2,,,,,,USA_941,12061,1,2021-12-14 11:42:45,,2021-12-14 11:42:45,2021-12-14 11:42:45,cheth,INSERT
986,120,929,532,"102,532,929",2,0,1,74.0,Lake County,Lake County,Lake,Lake County,4,admin2,,,,,,USA_929,12069,1,2021-12-14 11:42:45,,2021-12-14 11:42:45,2021-12-14 11:42:45,cheth,INSERT
986,120,949,532,"102,532,949",2,0,1,75.0,Martin County,Martin County,Martin,Martin County,4,admin2,,,,,,USA_949,12085,1,2021-12-14 11:42:45,,2021-12-14 11:42:45,2021-12-14 11:42:45,cheth,INSERT
986,120,957,532,"102,532,957",2,0,1,76.0,Miami-Dade County,Miami-Dade County,Miami-Dade,Miami-Dade County,4,admin2,,,,,,USA_957,12086,1,2021-12-14 11:42:45,,2021-12-14 11:42:45,2021-12-14 11:42:45,cheth,INSERT
986,120,909,532,"102,532,909",2,0,1,77.0,Okaloosa County,Okaloosa County,Okaloosa,Okaloosa County,4,admin2,,,,,,USA_909,12091,1,2021-12-14 11:42:45,,2021-12-14 11:42:45,2021-12-14 11:42:45,cheth,INSERT
986,120,933,532,"102,532,933",2,0,1,78.0,Orange County,Orange County,Orange,Orange County,4,admin2,,,,,,USA_933,12095,1,2021-12-14 11:42:45,,2021-12-14 11:42:45,2021-12-14 11:42:45,cheth,INSERT
986,120,952,532,"102,532,952",2,0,1,79.0,Palm Beach County,Palm Beach County,Palm Beach,Palm Beach County,4,admin2,,,,,,USA_952,12099,1,2021-12-14 11:42:45,,2021-12-14 11:42:45,2021-12-14 11:42:45,cheth,INSERT
986,120,939,532,"102,532,939",2,0,1,80.0,Pinellas County,Pinellas County,Pinellas,Pinellas County,4,admin2,,,,,,USA_939,12103,1,2021-12-14 11:42:45,,2021-12-14 11:42:45,2021-12-14 11:42:45,cheth,INSERT
986,120,932,532,"102,532,932",2,0,1,81.0,Seminole County,Seminole County,Seminole,Seminole County,4,admin2,,,,,,USA_932,12117,1,2021-12-14 11:42:45,,2021-12-14 11:42:45,2021-12-14 11:42:45,cheth,INSERT
986,120,533,102,"102,533",1,0,0,82.0,Georgia,Georgia,Georgia,Georgia,3,admin1,,,,,,USA_533,US-GA,1,2021-12-14 11:42:45,,2021-12-14 11:42:45,2021-12-14 11:42:45,cheth,INSERT
986,120,1085,533,"102,533,1085",2,0,1,83.0,Ben Hill County,Ben Hill County,Ben Hill,Ben Hill County,4,admin2,,,,,,USA_1085,13017,1,2021-12-14 11:42:45,,2021-12-14 11:42:45,2021-12-14 11:42:45,cheth,INSERT
986,120,1020,533,"102,533,1020",2,0,1,84.0,Butts County,Butts County,Butts,Butts County,4,admin2,,,,,,USA_1020,13035,1,2021-12-14 11:42:45,,2021-12-14 11:42:45,2021-12-14 11:42:45,cheth,INSERT
986,120,1082,533,"102,533,1082",2,0,1,85.0,Chatham County,Chatham County,Chatham,Chatham County,4,admin2,,,,,,USA_1082,13051,1,2021-12-14 11:42:45,,2021-12-14 11:42:45,2021-12-14 11:42:45,cheth,INSERT
986,120,1017,533,"102,533,1017",2,0,1,86.0,Coweta County,Coweta County,Coweta,Coweta County,4,admin2,,,,,,USA_1017,13077,1,2021-12-14 11:42:45,,2021-12-14 11:42:45,2021-12-14 11:42:45,cheth,INSERT
986,120,1004,533,"102,533,1004",2,0,1,87.0,Douglas County,Douglas County,Douglas,Douglas County,4,admin2,,,,,,USA_1004,13097,1,2021-12-14 11:42:45,,2021-12-14 11:42:45,2021-12-14 11:42:45,cheth,INSERT
986,120,989,533,"102,533,989",2,0,1,88.0,Gwinnett County,Gwinnett County,Gwinnett,Gwinnett County,4,admin2,,,,,,USA_989,13135,1,2021-12-14 11:42:45,,2021-12-14 11:42:45,2021-12-14 11:42:45,cheth,INSERT
986,120,1012,533,"102,533,1012",2,0,1,89.0,Henry County,Henry County,Henry,Henry County,4,admin2,,,,,,USA_1012,13151,1,2021-12-14 11:42:45,,2021-12-14 11:42:45,2021-12-14 11:42:45,cheth,INSERT
986,120,987,533,"102,533,987",2,0,1,90.0,Madison County,Madison County,Madison,Madison County,4,admin2,,,,,,USA_987,13195,1,2021-12-14 11:42:45,,2021-12-14 11:42:45,2021-12-14 11:42:45,cheth,INSERT
986,120,1007,533,"102,533,1007",2,0,1,91.0,Newton County,Newton County,Newton,Newton County,4,admin2,,,,,,USA_1007,13217,1,2021-12-14 11:42:45,,2021-12-14 11:42:45,2021-12-14 11:42:45,cheth,INSERT
986,120,534,102,"102,534",1,0,0,92.0,Hawaii,Hawaii,Hawaii,Hawaii,3,admin1,,,,,,USA_534,US-HI,1,2021-12-14 11:42:45,,2021-12-14 11:42:45,2021-12-14 11:42:45,cheth,INSERT
986,120,1120,534,"102,534,1120",2,0,1,93.0,Honolulu County,Honolulu County,Honolulu,Honolulu County,4,admin2,,,,,,USA_1120,15003,1,2021-12-14 11:42:45,,2021-12-14 11:42:45,2021-12-14 11:42:45,cheth,INSERT
986,120,535,102,"102,535",1,0,0,94.0,Idaho,Idaho,Idaho,Idaho,3,admin1,,,,,,USA_535,US-ID,1,2021-12-14 11:42:45,,2021-12-14 11:42:45,2021-12-14 11:42:45,cheth,INSERT
986,120,1151,535,"102,535,1151",2,0,1,95.0,Ada County,Ada County,Ada,Ada County,4,admin2,,,,,,USA_1151,16001,1,2021-12-14 11:42:45,,2021-12-14 11:42:45,2021-12-14 11:42:45,cheth,INSERT
986,120,1127,535,"102,535,1127",2,0,1,96.0,Benewah County,Benewah County,Benewah,Benewah County,4,admin2,,,,,,USA_1127,16009,1,2021-12-14 11:42:45,,2021-12-14 11:42:45,2021-12-14 11:42:45,cheth,INSERT
986,120,536,102,"102,536",1,0,0,97.0,Illinois,Illinois,Illinois,Illinois,3,admin1,,,,,,USA_536,US-IL,1,2021-12-14 11:42:45,,2021-12-14 11:42:45,2021-12-14 11:42:45,cheth,INSERT
986,120,1263,536,"102,536,1263",2,0,1,98.0,Cook County,Cook County,Cook,Cook County,4,admin2,,,,,,USA_1263,17031,1,2021-12-14 11:42:45,,2021-12-14 11:42:45,2021-12-14 11:42:45,cheth,INSERT
986,120,1266,536,"102,536,1266",2,0,1,99.0,DuPage County,DuPage County,DuPage,DuPage County,4,admin2,,,,,,USA_1266,17043,1,2021-12-14 11:42:45,,2021-12-14 11:42:45,2021-12-14 11:42:45,cheth,INSERT
986,120,1174,536,"102,536,1174",2,0,1,100.0,Grundy County,Grundy County,Grundy,Grundy County,4,admin2,,,,,,USA_1174,17063,1,2021-12-14 11:42:45,,2021-12-14 11:42:45,2021-12-14 11:42:45,cheth,INSERT
986,120,1260,536,"102,536,1260",2,0,1,101.0,Lake County,Lake County,Lake,Lake County,4,admin2,,,,,,USA_1260,17097,1,2021-12-14 11:42:45,,2021-12-14 11:42:45,2021-12-14 11:42:45,cheth,INSERT
986,120,1255,536,"102,536,1255",2,0,1,102.0,Pulaski County,Pulaski County,Pulaski,Pulaski County,4,admin2,,,,,,USA_1255,17153,1,2021-12-14 11:42:45,,2021-12-14 11:42:45,2021-12-14 11:42:45,cheth,INSERT
986,120,537,102,"102,537",1,0,0,103.0,Indiana,Indiana,Indiana,Indiana,3,admin1,,,,,,USA_537,US-IN,1,2021-12-14 11:42:45,,2021-12-14 11:42:45,2021-12-14 11:42:45,cheth,INSERT
986,120,1312,537,"102,537,1312",2,0,1,104.0,Hendricks County,Hendricks County,Hendricks,Hendricks County,4,admin2,,,,,,USA_1312,18063,1,2021-12-14 11:42:45,,2021-12-14 11:42:45,2021-12-14 11:42:45,cheth,INSERT
986,120,1269,537,"102,537,1269",2,0,1,105.0,Lake County,Lake County,Lake,Lake County,4,admin2,,,,,,USA_1269,18089,1,2021-12-14 11:42:45,,2021-12-14 11:42:45,2021-12-14 11:42:45,cheth,INSERT
986,120,1311,537,"102,537,1311",2,0,1,106.0,Marion County,Marion County,Marion,Marion County,4,admin2,,,,,,USA_1311,18097,1,2021-12-14 11:42:45,,2021-12-14 11:42:45,2021-12-14 11:42:45,cheth,INSERT
986,120,538,102,"102,538",1,0,0,107.0,Iowa,Iowa,Iowa,Iowa,3,admin1,,,,,,USA_538,US-IA,1,2021-12-14 11:42:45,,2021-12-14 11:42:45,2021-12-14 11:42:45,cheth,INSERT
986,120,1383,538,"102,538,1383",2,0,1,108.0,Cherokee County,Cherokee County,Cherokee,Cherokee County,4,admin2,,,,,,USA_1383,19035,1,2021-12-14 11:42:45,,2021-12-14 11:42:45,2021-12-14 11:42:45,cheth,INSERT
986,120,1450,538,"102,538,1450",2,0,1,109.0,Fremont County,Fremont County,Fremont,Fremont County,4,admin2,,,,,,USA_1450,19071,1,2021-12-14 11:42:45,,2021-12-14 11:42:45,2021-12-14 11:42:45,cheth,INSERT
986,120,1418,538,"102,538,1418",2,0,1,110.0,Polk County,Polk County,Polk,Polk County,4,admin2,,,,,,USA_1418,19153,1,2021-12-14 11:42:45,,2021-12-14 11:42:45,2021-12-14 11:42:45,cheth,INSERT
986,120,539,102,"102,539",1,0,0,111.0,Kansas,Kansas,Kansas,Kansas,3,admin1,,,,,,USA_539,US-KS,1,2021-12-14 11:42:45,,2021-12-14 11:42:45,2021-12-14 11:42:45,cheth,INSERT
986,120,1466,539,"102,539,1466",2,0,1,112.0,Doniphan County,Doniphan County,Doniphan,Doniphan County,4,admin2,,,,,,USA_1466,20043,1,2021-12-14 11:42:45,,2021-12-14 11:42:45,2021-12-14 11:42:45,cheth,INSERT
986,120,1502,539,"102,539,1502",2,0,1,113.0,Johnson County,Johnson County,Johnson,Johnson County,4,admin2,,,,,,USA_1502,20091,1,2021-12-14 11:42:45,,2021-12-14 11:42:45,2021-12-14 11:42:45,cheth,INSERT
986,120,1540,539,"102,539,1540",2,0,1,114.0,Sedgwick County,Sedgwick County,Sedgwick,Sedgwick County,4,admin2,,,,,,USA_1540,20173,1,2021-12-14 11:42:45,,2021-12-14 11:42:45,2021-12-14 11:42:45,cheth,INSERT
986,120,1493,539,"102,539,1493",2,0,1,115.0,Wyandotte County,Wyandotte County,Wyandotte,Wyandotte County,4,admin2,,,,,,USA_1493,20209,1,2021-12-14 11:42:45,,2021-12-14 11:42:45,2021-12-14 11:42:45,cheth,INSERT
986,120,540,102,"102,540",1,0,0,116.0,Kentucky,Kentucky,Kentucky,Kentucky,3,admin1,,,,,,USA_540,US-KY,1,2021-12-14 11:42:45,,2021-12-14 11:42:45,2021-12-14 11:42:45,cheth,INSERT
986,120,1595,540,"102,540,1595",2,0,1,117.0,Fayette County,Fayette County,Fayette,Fayette County,4,admin2,,,,,,USA_1595,21067,1,2021-12-14 11:42:45,,2021-12-14 11:42:45,2021-12-14 11:42:45,cheth,INSERT
986,120,541,102,"102,541",1,0,0,118.0,Louisiana,Louisiana,Louisiana,Louisiana,3,admin1,,,,,,USA_541,US-LA,1,2021-12-14 11:42:45,,2021-12-14 11:42:45,2021-12-14 11:42:45,cheth,INSERT
986,120,1730,541,"102,541,1730",2,0,1,119.0,Calcasieu Parish,Calcasieu Parish,Calcasieu,Calcasieu Parish,4,admin2,,,,,,USA_1730,22019,1,2021-12-14 11:42:45,,2021-12-14 11:42:45,2021-12-14 11:42:45,cheth,INSERT
986,120,1694,541,"102,541,1694",2,0,1,120.0,Ouachita Parish,Ouachita Parish,Ouachita,Ouachita Parish,4,admin2,,,,,,USA_1694,22073,1,2021-12-14 11:42:45,,2021-12-14 11:42:45,2021-12-14 11:42:45,cheth,INSERT
986,120,1714,541,"102,541,1714",2,0,1,121.0,Pointe Coupee Parish,Pointe Coupee Parish,Pointe Coupee,Pointe Coupee Parish,4,admin2,,,,,,USA_1714,22077,1,2021-12-14 11:42:45,,2021-12-14 11:42:45,2021-12-14 11:42:45,cheth,INSERT
986,120,1735,541,"102,541,1735",2,0,1,122.0,Saint John the Baptist Parish,Saint John the Baptist Parish,St John the Baptist,Saint John the Baptist Parish,4,admin2,,,,,,USA_1735,22095,1,2021-12-14 11:42:45,,2021-12-14 11:42:45,2021-12-14 11:42:45,cheth,INSERT
986,120,1725,541,"102,541,1725",2,0,1,123.0,Saint Tammany Parish,Saint Tammany Parish,St Tammany,Saint Tammany Parish,4,admin2,,,,,,USA_1725,22103,1,2021-12-14 11:42:45,,2021-12-14 11:42:45,2021-12-14 11:42:45,cheth,INSERT
986,120,542,102,"102,542",1,0,0,124.0,Maine,Maine,Maine,Maine,3,admin1,,,,,,USA_542,US-ME,1,2021-12-14 11:42:45,,2021-12-14 11:42:45,2021-12-14 11:42:45,cheth,INSERT
986,120,1762,542,"102,542,1762",2,0,1,125.0,Cumberland County,Cumberland County,Cumberland,Cumberland County,4,admin2,,,,,,USA_1762,23005,1,2021-12-14 11:42:45,,2021-12-14 11:42:45,2021-12-14 11:42:45,cheth,INSERT
986,120,543,102,"102,543",1,0,0,126.0,Maryland,Maryland,Maryland,Maryland,3,admin1,,,,,,USA_543,US-MD,1,2021-12-14 11:42:45,,2021-12-14 11:42:45,2021-12-14 11:42:45,cheth,INSERT
986,120,1766,543,"102,543,1766",2,0,1,127.0,Allegany County,Allegany County,Allegany,Allegany County,4,admin2,,,,,,USA_1766,24001,1,2021-12-14 11:42:45,,2021-12-14 11:42:45,2021-12-14 11:42:45,cheth,INSERT
986,120,1771,543,"102,543,1771",2,0,1,128.0,Baltimore County,Baltimore County,Baltimore,Baltimore County,4,admin2,,,,,,USA_1771,24005,1,2021-12-14 11:42:45,,2021-12-14 11:42:45,2021-12-14 11:42:45,cheth,INSERT
986,120,1769,543,"102,543,1769",2,0,1,129.0,Harford County,Harford County,Harford,Harford County,4,admin2,,,,,,USA_1769,24025,1,2021-12-14 11:42:45,,2021-12-14 11:42:45,2021-12-14 11:42:45,cheth,INSERT
986,120,1776,543,"102,543,1776",2,0,1,130.0,Montgomery County,Montgomery County,Montgomery,Montgomery County,4,admin2,,,,,,USA_1776,24031,1,2021-12-14 11:42:45,,2021-12-14 11:42:45,2021-12-14 11:42:45,cheth,INSERT
986,120,544,102,"102,544",1,0,0,131.0,Massachusetts,Massachusetts,Massachusetts,Massachusetts,3,admin1,,,,,,USA_544,US-MA,1,2021-12-14 11:42:45,,2021-12-14 11:42:45,2021-12-14 11:42:45,cheth,INSERT
986,120,1799,544,"102,544,1799",2,0,1,132.0,Bristol County,Bristol County,Bristol,Bristol County,4,admin2,,,,,,USA_1799,25005,1,2021-12-14 11:42:45,,2021-12-14 11:42:45,2021-12-14 11:42:45,cheth,INSERT
986,120,1789,544,"102,544,1789",2,0,1,133.0,Essex County,Essex County,Essex,Essex County,4,admin2,,,,,,USA_1789,25009,1,2021-12-14 11:42:45,,2021-12-14 11:42:45,2021-12-14 11:42:45,cheth,INSERT
986,120,1792,544,"102,544,1792",2,0,1,134.0,Middlesex County,Middlesex County,Middlesex,Middlesex County,4,admin2,,,,,,USA_1792,25017,1,2021-12-14 11:42:45,,2021-12-14 11:42:45,2021-12-14 11:42:45,cheth,INSERT
986,120,1798,544,"102,544,1798",2,0,1,135.0,Norfolk County,Norfolk County,Norfolk,Norfolk County,4,admin2,,,,,,USA_1798,25021,1,2021-12-14 11:42:45,,2021-12-14 11:42:45,2021-12-14 11:42:45,cheth,INSERT
986,120,1795,544,"102,544,1795",2,0,1,136.0,Suffolk County,Suffolk County,Suffolk,Suffolk County,4,admin2,,,,,,USA_1795,25025,1,2021-12-14 11:42:45,,2021-12-14 11:42:45,2021-12-14 11:42:45,cheth,INSERT
986,120,545,102,"102,545",1,0,0,137.0,Michigan,Michigan,Michigan,Michigan,3,admin1,,,,,,USA_545,US-MI,1,2021-12-14 11:42:45,,2021-12-14 11:42:45,2021-12-14 11:42:45,cheth,INSERT
986,120,1866,545,"102,545,1866",2,0,1,138.0,Macomb County,Macomb County,Macomb,Macomb County,4,admin2,,,,,,USA_1866,26099,1,2021-12-14 11:42:45,,2021-12-14 11:42:45,2021-12-14 11:42:45,cheth,INSERT
986,120,1867,545,"102,545,1867",2,0,1,139.0,Oakland County,Oakland County,Oakland,Oakland County,4,admin2,,,,,,USA_1867,26125,1,2021-12-14 11:42:45,,2021-12-14 11:42:45,2021-12-14 11:42:45,cheth,INSERT
986,120,1841,545,"102,545,1841",2,0,1,140.0,Osceola County,Osceola County,Osceola,Osceola County,4,admin2,,,,,,USA_1841,26133,1,2021-12-14 11:42:45,,2021-12-14 11:42:45,2021-12-14 11:42:45,cheth,INSERT
986,120,1874,545,"102,545,1874",2,0,1,141.0,Washtenaw County,Washtenaw County,Washtenaw,Washtenaw County,4,admin2,,,,,,USA_1874,26161,1,2021-12-14 11:42:45,,2021-12-14 11:42:45,2021-12-14 11:42:45,cheth,INSERT
986,120,546,102,"102,546",1,0,0,142.0,Minnesota,Minnesota,Minnesota,Minnesota,3,admin1,,,,,,USA_546,US-MN,1,2021-12-14 11:42:45,,2021-12-14 11:42:45,2021-12-14 11:42:45,cheth,INSERT
986,120,1938,546,"102,546,1938",2,0,1,143.0,Carver County,Carver County,Carver,Carver County,4,admin2,,,,,,USA_1938,27019,1,2021-12-14 11:42:45,,2021-12-14 11:42:45,2021-12-14 11:42:45,cheth,INSERT
986,120,1934,546,"102,546,1934",2,0,1,144.0,Hennepin County,Hennepin County,Hennepin,Hennepin County,4,admin2,,,,,,USA_1934,27053,1,2021-12-14 11:42:45,,2021-12-14 11:42:45,2021-12-14 11:42:45,cheth,INSERT
986,120,547,102,"102,547",1,0,0,145.0,Mississippi,Mississippi,Mississippi,Mississippi,3,admin1,,,,,,USA_547,US-MS,1,2021-12-14 11:42:45,,2021-12-14 11:42:45,2021-12-14 11:42:45,cheth,INSERT
986,120,2053,547,"102,547,2053",2,0,1,146.0,Harrison County,Harrison County,Harrison,Harrison County,4,admin2,,,,,,USA_2053,28047,1,2021-12-14 11:42:45,,2021-12-14 11:42:45,2021-12-14 11:42:45,cheth,INSERT
986,120,2022,547,"102,547,2022",2,0,1,147.0,Lauderdale County,Lauderdale County,Lauderdale,Lauderdale County,4,admin2,,,,,,USA_2022,28075,1,2021-12-14 11:42:45,,2021-12-14 11:42:45,2021-12-14 11:42:45,cheth,INSERT
986,120,548,102,"102,548",1,0,0,148.0,Missouri,Missouri,Missouri,Missouri,3,admin1,,,,,,USA_548,US-MO,1,2021-12-14 11:42:45,,2021-12-14 11:42:45,2021-12-14 11:42:45,cheth,INSERT
986,120,2106,548,"102,548,2106",2,0,1,149.0,Saint Louis County,Saint Louis County,St Louis,Saint Louis County,4,admin2,,,,,,USA_2106,29189,1,2021-12-14 11:42:45,,2021-12-14 11:42:45,2021-12-14 11:42:45,cheth,INSERT
986,120,549,102,"102,549",1,0,0,150.0,Montana,Montana,Montana,Montana,3,admin1,,,,,,USA_549,US-MT,1,2021-12-14 11:42:45,,2021-12-14 11:42:45,2021-12-14 11:42:45,cheth,INSERT
986,120,2216,549,"102,549,2216",2,0,1,151.0,Gallatin County,Gallatin County,Gallatin,Gallatin County,4,admin2,,,,,,USA_2216,30031,1,2021-12-14 11:42:45,,2021-12-14 11:42:45,2021-12-14 11:42:45,cheth,INSERT
986,120,2218,549,"102,549,2218",2,0,1,152.0,Silver Bow County,Silver Bow County,Silver Bow,Silver Bow County,4,admin2,,,,,,USA_2218,30093,1,2021-12-14 11:42:45,,2021-12-14 11:42:45,2021-12-14 11:42:45,cheth,INSERT
986,120,550,102,"102,550",1,0,0,153.0,Nebraska,Nebraska,Nebraska,Nebraska,3,admin1,,,,,,USA_550,US-NE,1,2021-12-14 11:42:45,,2021-12-14 11:42:45,2021-12-14 11:42:45,cheth,INSERT
986,120,2266,550,"102,550,2266",2,0,1,154.0,Custer County,Custer County,Custer,Custer County,4,admin2,,,,,,USA_2266,31041,1,2021-12-14 11:42:45,,2021-12-14 11:42:45,2021-12-14 11:42:45,cheth,INSERT
986,120,2275,550,"102,550,2275",2,0,1,155.0,Douglas County,Douglas County,Douglas,Douglas County,4,admin2,,,,,,USA_2275,31055,1,2021-12-14 11:42:45,,2021-12-14 11:42:45,2021-12-14 11:42:45,cheth,INSERT
986,120,2255,550,"102,550,2255",2,0,1,156.0,Garden County,Garden County,Garden,Garden County,4,admin2,,,,,,USA_2255,31069,1,2021-12-14 11:42:45,,2021-12-14 11:42:45,2021-12-14 11:42:45,cheth,INSERT
986,120,2287,550,"102,550,2287",2,0,1,157.0,Lancaster County,Lancaster County,Lancaster,Lancaster County,4,admin2,,,,,,USA_2287,31109,1,2021-12-14 11:42:45,,2021-12-14 11:42:45,2021-12-14 11:42:45,cheth,INSERT
986,120,2303,550,"102,550,2303",2,0,1,158.0,Phelps County,Phelps County,Phelps,Phelps County,4,admin2,,,,,,USA_2303,31137,1,2021-12-14 11:42:45,,2021-12-14 11:42:45,2021-12-14 11:42:45,cheth,INSERT
986,120,2261,550,"102,550,2261",2,0,1,159.0,Platte County,Platte County,Platte,Platte County,4,admin2,,,,,,USA_2261,31141,1,2021-12-14 11:42:45,,2021-12-14 11:42:45,2021-12-14 11:42:45,cheth,INSERT
986,120,2272,550,"102,550,2272",2,0,1,160.0,Saunders County,Saunders County,Saunders,Saunders County,4,admin2,,,,,,USA_2272,31155,1,2021-12-14 11:42:45,,2021-12-14 11:42:45,2021-12-14 11:42:45,cheth,INSERT
986,120,551,102,"102,551",1,0,0,161.0,Nevada,Nevada,Nevada,Nevada,3,admin1,,,,,,USA_551,US-NV,1,2021-12-14 11:42:45,,2021-12-14 11:42:45,2021-12-14 11:42:45,cheth,INSERT
986,120,2335,551,"102,551,2335",2,0,1,162.0,Clark County,Clark County,Clark,Clark County,4,admin2,,,,,,USA_2335,32003,1,2021-12-14 11:42:45,,2021-12-14 11:42:45,2021-12-14 11:42:45,cheth,INSERT
986,120,2320,551,"102,551,2320",2,0,1,163.0,Elko County,Elko County,Elko,Elko County,4,admin2,,,,,,USA_2320,32007,1,2021-12-14 11:42:45,,2021-12-14 11:42:45,2021-12-14 11:42:45,cheth,INSERT
986,120,2330,551,"102,551,2330",2,0,1,164.0,Nye County,Nye County,Nye,Nye County,4,admin2,,,,,,USA_2330,32023,1,2021-12-14 11:42:45,,2021-12-14 11:42:45,2021-12-14 11:42:45,cheth,INSERT
986,120,552,102,"102,552",1,0,0,165.0,New Hampshire,New Hampshire,New Hampshire,New Hampshire,3,admin1,,,,,,USA_552,US-NH,1,2021-12-14 11:42:45,,2021-12-14 11:42:45,2021-12-14 11:42:45,cheth,INSERT
986,120,2343,552,"102,552,2343",2,0,1,166.0,Rockingham County,Rockingham County,Rockingham,Rockingham County,4,admin2,,,,,,USA_2343,33015,1,2021-12-14 11:42:45,,2021-12-14 11:42:45,2021-12-14 11:42:45,cheth,INSERT
986,120,553,102,"102,553",1,0,0,167.0,New Jersey,New Jersey,New Jersey,New Jersey,3,admin1,,,,,,USA_553,US-NJ,1,2021-12-14 11:42:45,,2021-12-14 11:42:45,2021-12-14 11:42:45,cheth,INSERT
986,120,2348,553,"102,553,2348",2,0,1,168.0,Bergen County,Bergen County,Bergen,Bergen County,4,admin2,,,,,,USA_2348,34003,1,2021-12-14 11:42:45,,2021-12-14 11:42:45,2021-12-14 11:42:45,cheth,INSERT
986,120,2359,553,"102,553,2359",2,0,1,169.0,Burlington County,Burlington County,Burlington,Burlington County,4,admin2,,,,,,USA_2359,34005,1,2021-12-14 11:42:45,,2021-12-14 11:42:45,2021-12-14 11:42:45,cheth,INSERT
986,120,2361,553,"102,553,2361",2,0,1,170.0,Camden County,Camden County,Camden,Camden County,4,admin2,,,,,,USA_2361,34007,1,2021-12-14 11:42:45,,2021-12-14 11:42:45,2021-12-14 11:42:45,cheth,INSERT
986,120,2350,553,"102,553,2350",2,0,1,171.0,Morris County,Morris County,Morris,Morris County,4,admin2,,,,,,USA_2350,34027,1,2021-12-14 11:42:45,,2021-12-14 11:42:45,2021-12-14 11:42:45,cheth,INSERT
986,120,2347,553,"102,553,2347",2,0,1,172.0,Passaic County,Passaic County,Passaic,Passaic County,4,admin2,,,,,,USA_2347,34031,1,2021-12-14 11:42:45,,2021-12-14 11:42:45,2021-12-14 11:42:45,cheth,INSERT
986,120,2354,553,"102,553,2354",2,0,1,173.0,Somerset County,Somerset County,Somerset,Somerset County,4,admin2,,,,,,USA_2354,34035,1,2021-12-14 11:42:45,,2021-12-14 11:42:45,2021-12-14 11:42:45,cheth,INSERT
986,120,554,102,"102,554",1,0,0,174.0,New Mexico,New Mexico,New Mexico,New Mexico,3,admin1,,,,,,USA_554,US-NM,1,2021-12-14 11:42:45,,2021-12-14 11:42:45,2021-12-14 11:42:45,cheth,INSERT
986,120,2381,554,"102,554,2381",2,0,1,175.0,Bernalillo County,Bernalillo County,Bernalillo,Bernalillo County,4,admin2,,,,,,USA_2381,35001,1,2021-12-14 11:42:45,,2021-12-14 11:42:45,2021-12-14 11:42:45,cheth,INSERT
986,120,555,102,"102,555",1,0,0,176.0,New York,New York,New York,New York,3,admin1,,,,,,USA_555,US-NY,1,2021-12-14 11:42:45,,2021-12-14 11:42:45,2021-12-14 11:42:45,cheth,INSERT
986,120,60410,555,"102,555,60410",2,0,1,177.0,New York Metropolitan Area,New York Metropolitan Area,NY Metro Area,New York Metropolitan Area,3,covid-19,,,,,,USA_60410,,,2021-12-14 11:42:45,,2021-12-14 11:42:45,2021-12-14 11:42:45,cheth,INSERT
986,120,2444,555,"102,555,2444",2,0,1,178.0,Genesee County,Genesee County,Genesee,Genesee County,4,admin2,,,,,,USA_2444,36037,1,2021-12-14 11:42:45,,2021-12-14 11:42:45,2021-12-14 11:42:45,cheth,INSERT
986,120,2440,555,"102,555,2440",2,0,1,179.0,Monroe County,Monroe County,Monroe,Monroe County,4,admin2,,,,,,USA_2440,36055,1,2021-12-14 11:42:45,,2021-12-14 11:42:45,2021-12-14 11:42:45,cheth,INSERT
986,120,2406,555,"102,555,2406",2,0,1,180.0,Warren County,Warren County,Warren,Warren County,4,admin2,,,,,,USA_2406,36113,1,2021-12-14 11:42:45,,2021-12-14 11:42:45,2021-12-14 11:42:45,cheth,INSERT
986,120,2423,555,"102,555,2423",2,0,1,181.0,Westchester County,Westchester County,Westchester,Westchester County,4,admin2,,,,,,USA_2423,36119,1,2021-12-14 11:42:45,,2021-12-14 11:42:45,2021-12-14 11:42:45,cheth,INSERT
986,120,556,102,"102,556",1,0,0,182.0,North Carolina,North Carolina,N Carolina,North Carolina,3,admin1,,,,,,USA_556,US-NC,1,2021-12-14 11:42:45,,2021-12-14 11:42:45,2021-12-14 11:42:45,cheth,INSERT
986,120,2488,556,"102,556,2488",2,0,1,183.0,Alamance County,Alamance County,Alamance,Alamance County,4,admin2,,,,,,USA_2488,37001,1,2021-12-14 11:42:45,,2021-12-14 11:42:45,2021-12-14 11:42:45,cheth,INSERT
986,120,2491,556,"102,556,2491",2,0,1,184.0,Durham County,Durham County,Durham,Durham County,4,admin2,,,,,,USA_2491,37063,1,2021-12-14 11:42:45,,2021-12-14 11:42:45,2021-12-14 11:42:45,cheth,INSERT
986,120,2515,556,"102,556,2515",2,0,1,185.0,Johnston County,Johnston County,Johnston,Johnston County,4,admin2,,,,,,USA_2515,37101,1,2021-12-14 11:42:45,,2021-12-14 11:42:45,2021-12-14 11:42:45,cheth,INSERT
986,120,2475,556,"102,556,2475",2,0,1,186.0,Person County,Person County,Person,Person County,4,admin2,,,,,,USA_2475,37145,1,2021-12-14 11:42:45,,2021-12-14 11:42:45,2021-12-14 11:42:45,cheth,INSERT
986,120,2555,556,"102,556,2555",2,0,1,187.0,Robeson County,Robeson County,Robeson,Robeson County,4,admin2,,,,,,USA_2555,37155,1,2021-12-14 11:42:45,,2021-12-14 11:42:45,2021-12-14 11:42:45,cheth,INSERT
986,120,2532,556,"102,556,2532",2,0,1,188.0,Stanly County,Stanly County,Stanly,Stanly County,4,admin2,,,,,,USA_2532,37167,1,2021-12-14 11:42:45,,2021-12-14 11:42:45,2021-12-14 11:42:45,cheth,INSERT
986,120,2476,556,"102,556,2476",2,0,1,189.0,Vance County,Vance County,Vance,Vance County,4,admin2,,,,,,USA_2476,37181,1,2021-12-14 11:42:45,,2021-12-14 11:42:45,2021-12-14 11:42:45,cheth,INSERT
986,120,2470,556,"102,556,2470",2,0,1,190.0,Warren County,Warren County,Warren,Warren County,4,admin2,,,,,,USA_2470,37185,1,2021-12-14 11:42:45,,2021-12-14 11:42:45,2021-12-14 11:42:45,cheth,INSERT
986,120,557,102,"102,557",1,0,0,191.0,North Dakota,North Dakota,N Dakota,North Dakota,3,admin1,,,,,,USA_557,US-ND,1,2021-12-14 11:42:45,,2021-12-14 11:42:45,2021-12-14 11:42:45,cheth,INSERT
986,120,2598,557,"102,557,2598",2,0,1,192.0,Cass County,Cass County,Cass,Cass County,4,admin2,,,,,,USA_2598,38017,1,2021-12-14 11:42:45,,2021-12-14 11:42:45,2021-12-14 11:42:45,cheth,INSERT
986,120,558,102,"102,558",1,0,0,193.0,Ohio,Ohio,Ohio,Ohio,3,admin1,,,,,,USA_558,US-OH,1,2021-12-14 11:42:45,,2021-12-14 11:42:45,2021-12-14 11:42:45,cheth,INSERT
986,120,2619,558,"102,558,2619",2,0,1,194.0,Cuyahoga County,Cuyahoga County,Cuyahoga,Cuyahoga County,4,admin2,,,,,,USA_2619,39035,1,2021-12-14 11:42:45,,2021-12-14 11:42:45,2021-12-14 11:42:45,cheth,INSERT
986,120,2669,558,"102,558,2669",2,0,1,195.0,Franklin County,Franklin County,Franklin,Franklin County,4,admin2,,,,,,USA_2669,39049,1,2021-12-14 11:42:45,,2021-12-14 11:42:45,2021-12-14 11:42:45,cheth,INSERT
986,120,2617,558,"102,558,2617",2,0,1,196.0,Geauga County,Geauga County,Geauga,Geauga County,4,admin2,,,,,,USA_2617,39055,1,2021-12-14 11:42:45,,2021-12-14 11:42:45,2021-12-14 11:42:45,cheth,INSERT
986,120,2691,558,"102,558,2691",2,0,1,197.0,Hamilton County,Hamilton County,Hamilton,Hamilton County,4,admin2,,,,,,USA_2691,39061,1,2021-12-14 11:42:45,,2021-12-14 11:42:45,2021-12-14 11:42:45,cheth,INSERT
986,120,2684,558,"102,558,2684",2,0,1,198.0,Warren County,Warren County,Warren,Warren County,4,admin2,,,,,,USA_2684,39165,1,2021-12-14 11:42:45,,2021-12-14 11:42:45,2021-12-14 11:42:45,cheth,INSERT
986,120,559,102,"102,559",1,0,0,199.0,Oklahoma,Oklahoma,Oklahoma,Oklahoma,3,admin1,,,,,,USA_559,US-OK,1,2021-12-14 11:42:45,,2021-12-14 11:42:45,2021-12-14 11:42:45,cheth,INSERT
986,120,2728,559,"102,559,2728",2,0,1,200.0,Creek County,Creek County,Creek,Creek County,4,admin2,,,,,,USA_2728,40037,1,2021-12-14 11:42:45,,2021-12-14 11:42:45,2021-12-14 11:42:45,cheth,INSERT
986,120,2731,559,"102,559,2731",2,0,1,201.0,Logan County,Logan County,Logan,Logan County,4,admin2,,,,,,USA_2731,40083,1,2021-12-14 11:42:45,,2021-12-14 11:42:45,2021-12-14 11:42:45,cheth,INSERT
986,120,2741,559,"102,559,2741",2,0,1,202.0,Oklahoma County,Oklahoma County,Oklahoma,Oklahoma County,4,admin2,,,,,,USA_2741,40109,1,2021-12-14 11:42:45,,2021-12-14 11:42:45,2021-12-14 11:42:45,cheth,INSERT
986,120,560,102,"102,560",1,0,0,203.0,Oregon,Oregon,Oregon,Oregon,3,admin1,,,,,,USA_560,US-OR,1,2021-12-14 11:42:45,,2021-12-14 11:42:45,2021-12-14 11:42:45,cheth,INSERT
986,120,2807,560,"102,560,2807",2,0,1,204.0,Lane County,Lane County,Lane,Lane County,4,admin2,,,,,,USA_2807,41039,1,2021-12-14 11:42:45,,2021-12-14 11:42:45,2021-12-14 11:42:45,cheth,INSERT
986,120,2790,560,"102,560,2790",2,0,1,205.0,Multnomah County,Multnomah County,Multnomah,Multnomah County,4,admin2,,,,,,USA_2790,41051,1,2021-12-14 11:42:45,,2021-12-14 11:42:45,2021-12-14 11:42:45,cheth,INSERT
986,120,2782,560,"102,560,2782",2,0,1,206.0,Umatilla County,Umatilla County,Umatilla,Umatilla County,4,admin2,,,,,,USA_2782,41059,1,2021-12-14 11:42:45,,2021-12-14 11:42:45,2021-12-14 11:42:45,cheth,INSERT
986,120,561,102,"102,561",1,0,0,207.0,Pennsylvania,Pennsylvania,Pennsylvania,Pennsylvania,3,admin1,,,,,,USA_561,US-PA,1,2021-12-14 11:42:45,,2021-12-14 11:42:45,2021-12-14 11:42:45,cheth,INSERT
986,120,2855,561,"102,561,2855",2,0,1,208.0,Allegheny County,Allegheny County,Allegheny,Allegheny County,4,admin2,,,,,,USA_2855,42003,1,2021-12-14 11:42:45,,2021-12-14 11:42:45,2021-12-14 11:42:45,cheth,INSERT
986,120,2836,561,"102,561,2836",2,0,1,209.0,Butler County,Butler County,Butler,Butler County,4,admin2,,,,,,USA_2836,42019,1,2021-12-14 11:42:45,,2021-12-14 11:42:45,2021-12-14 11:42:45,cheth,INSERT
986,120,385,102,"102,385",1,0,0,210.0,Puerto Rico,Puerto Rico,Puerto Rico,Puerto Rico,8,nonsovereign,,,,,,PRI,PRI,1,2021-12-14 11:42:45,,2021-12-14 11:42:45,2021-12-14 11:42:45,cheth,INSERT
986,120,44469,385,"102,385,44469",2,0,1,211.0,Cayey Municipio,Cayey Municipio,Cayey,Cayey Municipio,5,admin3,,,,,,PRI_44469,72035,,2021-12-14 11:42:45,,2021-12-14 11:42:45,2021-12-14 11:42:45,cheth,INSERT
986,120,44483,385,"102,385,44483",2,0,1,212.0,Guaynabo Municipio,Guaynabo Municipio,Guaynabo,Guaynabo Municipio,5,admin3,,,,,,PRI_44483,72061,,2021-12-14 11:42:45,,2021-12-14 11:42:45,2021-12-14 11:42:45,cheth,INSERT
986,120,44487,385,"102,385,44487",2,0,1,213.0,Humacao Municipio,Humacao Municipio,Humacao,Humacao Municipio,5,admin3,,,,,,PRI_44487,72069,,2021-12-14 11:42:45,,2021-12-14 11:42:45,2021-12-14 11:42:45,cheth,INSERT
986,120,44491,385,"102,385,44491",2,0,1,214.0,Juncos Municipio,Juncos Municipio,Juncos,Juncos Municipio,5,admin3,,,,,,PRI_44491,72077,,2021-12-14 11:42:45,,2021-12-14 11:42:45,2021-12-14 11:42:45,cheth,INSERT
986,120,44494,385,"102,385,44494",2,0,1,215.0,Las Marías Municipio,Las Marias Municipio,Las Marias,Las Marías Municipio,5,admin3,,,,,,PRI_44494,72083,,2021-12-14 11:42:45,,2021-12-14 11:42:45,2021-12-14 11:42:45,cheth,INSERT
986,120,44524,385,"102,385,44524",2,0,1,216.0,Vega Alta Municipio,Vega Alta Municipio,Vega Alta,Vega Alta Municipio,5,admin3,,,,,,PRI_44524,72143,,2021-12-14 11:42:45,,2021-12-14 11:42:45,2021-12-14 11:42:45,cheth,INSERT
986,120,562,102,"102,562",1,0,0,217.0,Rhode Island,Rhode Island,Rhode Island,Rhode Island,3,admin1,,,,,,USA_562,US-RI,1,2021-12-14 11:42:45,,2021-12-14 11:42:45,2021-12-14 11:42:45,cheth,INSERT
986,120,2885,562,"102,562,2885",2,0,1,218.0,Kent County,Kent County,Kent,Kent County,4,admin2,,,,,,USA_2885,44003,1,2021-12-14 11:42:45,,2021-12-14 11:42:45,2021-12-14 11:42:45,cheth,INSERT
986,120,563,102,"102,563",1,0,0,219.0,South Carolina,South Carolina,S Carolina,South Carolina,3,admin1,,,,,,USA_563,US-SC,1,2021-12-14 11:42:45,,2021-12-14 11:42:45,2021-12-14 11:42:45,cheth,INSERT
986,120,2924,563,"102,563,2924",2,0,1,220.0,Berkeley County,Berkeley County,Berkeley,Berkeley County,4,admin2,,,,,,USA_2924,45015,1,2021-12-14 11:42:45,,2021-12-14 11:42:45,2021-12-14 11:42:45,cheth,INSERT
986,120,2931,563,"102,563,2931",2,0,1,221.0,Charleston County,Charleston County,Charleston,Charleston County,4,admin2,,,,,,USA_2931,45019,1,2021-12-14 11:42:45,,2021-12-14 11:42:45,2021-12-14 11:42:45,cheth,INSERT
986,120,2889,563,"102,563,2889",2,0,1,222.0,Spartanburg County,Spartanburg County,Spartanburg,Spartanburg County,4,admin2,,,,,,USA_2889,45083,1,2021-12-14 11:42:45,,2021-12-14 11:42:45,2021-12-14 11:42:45,cheth,INSERT
986,120,2915,563,"102,563,2915",2,0,1,223.0,Sumter County,Sumter County,Sumter,Sumter County,4,admin2,,,,,,USA_2915,45085,1,2021-12-14 11:42:45,,2021-12-14 11:42:45,2021-12-14 11:42:45,cheth,INSERT
986,120,564,102,"102,564",1,0,0,224.0,South Dakota,South Dakota,S Dakota,South Dakota,3,admin1,,,,,,USA_564,US-SD,1,2021-12-14 11:42:45,,2021-12-14 11:42:45,2021-12-14 11:42:45,cheth,INSERT
986,120,2998,564,"102,564,2998",2,0,1,225.0,Union County,Union County,Union,Union County,4,admin2,,,,,,USA_2998,46127,1,2021-12-14 11:42:45,,2021-12-14 11:42:45,2021-12-14 11:42:45,cheth,INSERT
986,120,2942,564,"102,564,2942",2,0,1,226.0,Walworth County,Walworth County,Walworth,Walworth County,4,admin2,,,,,,USA_2942,46129,1,2021-12-14 11:42:45,,2021-12-14 11:42:45,2021-12-14 11:42:45,cheth,INSERT
986,120,565,102,"102,565",1,0,0,227.0,Tennessee,Tennessee,Tennessee,Tennessee,3,admin1,,,,,,USA_565,US-TN,1,2021-12-14 11:42:45,,2021-12-14 11:42:45,2021-12-14 11:42:45,cheth,INSERT
986,120,3012,565,"102,565,3012",2,0,1,228.0,Campbell County,Campbell County,Campbell,Campbell County,4,admin2,,,,,,USA_3012,47013,1,2021-12-14 11:42:45,,2021-12-14 11:42:45,2021-12-14 11:42:45,cheth,INSERT
986,120,3029,565,"102,565,3029",2,0,1,229.0,Davidson County,Davidson County,Davidson,Davidson County,4,admin2,,,,,,USA_3029,47037,1,2021-12-14 11:42:45,,2021-12-14 11:42:45,2021-12-14 11:42:45,cheth,INSERT
986,120,3035,565,"102,565,3035",2,0,1,230.0,Dickson County,Dickson County,Dickson,Dickson County,4,admin2,,,,,,USA_3035,47043,1,2021-12-14 11:42:45,,2021-12-14 11:42:45,2021-12-14 11:42:45,cheth,INSERT
986,120,3091,565,"102,565,3091",2,0,1,231.0,Franklin County,Franklin County,Franklin,Franklin County,4,admin2,,,,,,USA_3091,47051,1,2021-12-14 11:42:45,,2021-12-14 11:42:45,2021-12-14 11:42:45,cheth,INSERT
986,120,3042,565,"102,565,3042",2,0,1,232.0,Knox County,Knox County,Knox,Knox County,4,admin2,,,,,,USA_3042,47093,1,2021-12-14 11:42:45,,2021-12-14 11:42:45,2021-12-14 11:42:45,cheth,INSERT
986,120,3018,565,"102,565,3018",2,0,1,233.0,Lake County,Lake County,Lake,Lake County,4,admin2,,,,,,USA_3018,47095,1,2021-12-14 11:42:45,,2021-12-14 11:42:45,2021-12-14 11:42:45,cheth,INSERT
986,120,3094,565,"102,565,3094",2,0,1,234.0,Polk County,Polk County,Polk,Polk County,4,admin2,,,,,,USA_3094,47139,1,2021-12-14 11:42:45,,2021-12-14 11:42:45,2021-12-14 11:42:45,cheth,INSERT
986,120,3024,565,"102,565,3024",2,0,1,235.0,Washington County,Washington County,Washington,Washington County,4,admin2,,,,,,USA_3024,47179,1,2021-12-14 11:42:45,,2021-12-14 11:42:45,2021-12-14 11:42:45,cheth,INSERT
986,120,566,102,"102,566",1,0,0,236.0,Texas,Texas,Texas,Texas,3,admin1,,,,,,USA_566,US-TX,1,2021-12-14 11:42:45,,2021-12-14 11:42:45,2021-12-14 11:42:45,cheth,INSERT
986,120,3328,566,"102,566,3328",2,0,1,237.0,Bee County,Bee County,Bee,Bee County,4,admin2,,,,,,USA_3328,48025,1,2021-12-14 11:42:45,,2021-12-14 11:42:45,2021-12-14 11:42:45,cheth,INSERT
986,120,3308,566,"102,566,3308",2,0,1,238.0,Bexar County,Bexar County,Bexar,Bexar County,4,admin2,,,,,,USA_3308,48029,1,2021-12-14 11:42:45,,2021-12-14 11:42:45,2021-12-14 11:42:45,cheth,INSERT
986,120,3173,566,"102,566,3173",2,0,1,239.0,Dallas County,Dallas County,Dallas,Dallas County,4,admin2,,,,,,USA_3173,48113,1,2021-12-14 11:42:45,,2021-12-14 11:42:45,2021-12-14 11:42:45,cheth,INSERT
986,120,3228,566,"102,566,3228",2,0,1,240.0,El Paso County,El Paso County,El Paso,El Paso County,4,admin2,,,,,,USA_3228,48141,1,2021-12-14 11:42:45,,2021-12-14 11:42:45,2021-12-14 11:42:45,cheth,INSERT
986,120,3223,566,"102,566,3223",2,0,1,241.0,Freestone County,Freestone County,Freestone,Freestone County,4,admin2,,,,,,USA_3223,48161,1,2021-12-14 11:42:45,,2021-12-14 11:42:45,2021-12-14 11:42:45,cheth,INSERT
986,120,3134,566,"102,566,3134",2,0,1,242.0,Grayson County,Grayson County,Grayson,Grayson County,4,admin2,,,,,,USA_3134,48181,1,2021-12-14 11:42:45,,2021-12-14 11:42:45,2021-12-14 11:42:45,cheth,INSERT
986,120,3296,566,"102,566,3296",2,0,1,243.0,Harris County,Harris County,Harris,Harris County,4,admin2,,,,,,USA_3296,48201,1,2021-12-14 11:42:45,,2021-12-14 11:42:45,2021-12-14 11:42:45,cheth,INSERT
986,120,3346,566,"102,566,3346",2,0,1,244.0,Hidalgo County,Hidalgo County,Hidalgo,Hidalgo County,4,admin2,,,,,,USA_3346,48215,1,2021-12-14 11:42:45,,2021-12-14 11:42:45,2021-12-14 11:42:45,cheth,INSERT
986,120,3233,566,"102,566,3233",2,0,1,245.0,Mills County,Mills County,Mills,Mills County,4,admin2,,,,,,USA_3233,48333,1,2021-12-14 11:42:45,,2021-12-14 11:42:45,2021-12-14 11:42:45,cheth,INSERT
986,120,3280,566,"102,566,3280",2,0,1,246.0,Montgomery County,Montgomery County,Montgomery,Montgomery County,4,admin2,,,,,,USA_3280,48339,1,2021-12-14 11:42:45,,2021-12-14 11:42:45,2021-12-14 11:42:45,cheth,INSERT
986,120,3279,566,"102,566,3279",2,0,1,247.0,Travis County,Travis County,Travis,Travis County,4,admin2,,,,,,USA_3279,48453,1,2021-12-14 11:42:45,,2021-12-14 11:42:45,2021-12-14 11:42:45,cheth,INSERT
986,120,3334,566,"102,566,3334",2,0,1,248.0,Webb County,Webb County,Webb,Webb County,4,admin2,,,,,,USA_3334,48479,1,2021-12-14 11:42:45,,2021-12-14 11:42:45,2021-12-14 11:42:45,cheth,INSERT
986,120,3270,566,"102,566,3270",2,0,1,249.0,Williamson County,Williamson County,Williamson,Williamson County,4,admin2,,,,,,USA_3270,48491,1,2021-12-14 11:42:45,,2021-12-14 11:42:45,2021-12-14 11:42:45,cheth,INSERT
986,120,567,102,"102,567",1,0,0,250.0,Utah,Utah,Utah,Utah,3,admin1,,,,,,USA_567,US-UT,1,2021-12-14 11:42:45,,2021-12-14 11:42:45,2021-12-14 11:42:45,cheth,INSERT
986,120,3358,567,"102,567,3358",2,0,1,251.0,Salt Lake County,Salt Lake County,Salt Lake,Salt Lake County,4,admin2,,,,,,USA_3358,49035,1,2021-12-14 11:42:45,,2021-12-14 11:42:45,2021-12-14 11:42:45,cheth,INSERT
986,120,3376,567,"102,567,3376",2,0,1,252.0,Washington County,Washington County,Washington,Washington County,4,admin2,,,,,,USA_3376,49053,1,2021-12-14 11:42:45,,2021-12-14 11:42:45,2021-12-14 11:42:45,cheth,INSERT
986,120,568,102,"102,568",1,0,0,253.0,Vermont,Vermont,Vermont,Vermont,3,admin1,,,,,,USA_568,US-VT,1,2021-12-14 11:42:45,,2021-12-14 11:42:45,2021-12-14 11:42:45,cheth,INSERT
986,120,3384,568,"102,568,3384",2,0,1,254.0,Chittenden County,Chittenden County,Chittenden,Chittenden County,4,admin2,,,,,,USA_3384,50007,1,2021-12-14 11:42:45,,2021-12-14 11:42:45,2021-12-14 11:42:45,cheth,INSERT
986,120,569,102,"102,569",1,0,0,255.0,Virginia,Virginia,Virginia,Virginia,3,admin1,,,,,,USA_569,US-VA,1,2021-12-14 11:42:45,,2021-12-14 11:42:45,2021-12-14 11:42:45,cheth,INSERT
986,120,3397,569,"102,569,3397",2,0,1,256.0,Fairfax County,Fairfax County,Fairfax,Fairfax County,4,admin2,,,,,,USA_3397,51059,1,2021-12-14 11:42:45,,2021-12-14 11:42:45,2021-12-14 11:42:45,cheth,INSERT
986,120,3428,569,"102,569,3428",2,0,1,257.0,Richmond County,Richmond County,Richmond,Richmond County,4,admin2,,,,,,USA_3428,51159,1,2021-12-14 11:42:45,,2021-12-14 11:42:45,2021-12-14 11:42:45,cheth,INSERT
986,120,3506,569,"102,569,3506",2,0,1,258.0,Virginia Beach City,Virginia Beach City,Virginia Beach City,Virginia Beach City,4,admin2,,,,,,USA_3506,51810,1,2021-12-14 11:42:45,,2021-12-14 11:42:45,2021-12-14 11:42:45,cheth,INSERT
986,120,570,102,"102,570",1,0,0,259.0,Washington,Washington,Washington,Washington,3,admin1,,,,,,USA_570,US-WA,1,2021-12-14 11:42:45,,2021-12-14 11:42:45,2021-12-14 11:42:45,cheth,INSERT
986,120,60886,570,"102,570,60886",2,0,0,260.0,King and Snohomish Counties,King and Snohomish Counties,King and Snohomish Counties,King and Snohomish Counties,18,covid-19,,,,,,USA_60886,,,2021-12-14 11:42:45,,2021-12-14 11:42:45,2021-12-14 11:42:45,cheth,INSERT
986,120,3543,60886,"102,570,60886,3543",3,0,1,261.0,King County,King County,King,King County,4,admin2,,,,,,USA_3543,53033,1,2021-12-14 11:42:45,,2021-12-14 11:42:45,2021-12-14 11:42:45,cheth,INSERT
986,120,60887,570,"102,570,60887",2,0,0,262.0,"Washington except for King, Snohomish, and Spokane Counties","Washington except for King, Snohomish, and Spokane Counties","Washington except for King, Snohomish, and Spokane Counties","Washington except for King, Snohomish, and Spokane Counties",18,covid-19,,,,,,USA_60887,,,2021-12-14 11:42:45,,2021-12-14 11:42:45,2021-12-14 11:42:45,cheth,INSERT
986,120,3548,60887,"102,570,60887,3548",3,0,1,263.0,Adams County,Adams County,Adams,Adams County,4,admin2,,,,,,USA_3548,53001,1,2021-12-14 11:42:45,,2021-12-14 11:42:45,2021-12-14 11:42:45,cheth,INSERT
986,120,3559,60887,"102,570,60887,3559",3,0,1,264.0,Asotin County,Asotin County,Asotin,Asotin County,4,admin2,,,,,,USA_3559,53003,1,2021-12-14 11:42:45,,2021-12-14 11:42:45,2021-12-14 11:42:45,cheth,INSERT
986,120,3555,60887,"102,570,60887,3555",3,0,1,265.0,Benton County,Benton County,Benton,Benton County,4,admin2,,,,,,USA_3555,53005,1,2021-12-14 11:42:45,,2021-12-14 11:42:45,2021-12-14 11:42:45,cheth,INSERT
986,120,3533,60887,"102,570,60887,3533",3,0,1,266.0,Chelan County,Chelan County,Chelan,Chelan County,4,admin2,,,,,,USA_3533,53007,1,2021-12-14 11:42:45,,2021-12-14 11:42:45,2021-12-14 11:42:45,cheth,INSERT
986,120,3534,60887,"102,570,60887,3534",3,0,1,267.0,Clallam County,Clallam County,Clallam,Clallam County,4,admin2,,,,,,USA_3534,53009,1,2021-12-14 11:42:45,,2021-12-14 11:42:45,2021-12-14 11:42:45,cheth,INSERT
986,120,3563,60887,"102,570,60887,3563",3,0,1,268.0,Clark County,Clark County,Clark,Clark County,4,admin2,,,,,,USA_3563,53011,1,2021-12-14 11:42:45,,2021-12-14 11:42:45,2021-12-14 11:42:45,cheth,INSERT
986,120,3557,60887,"102,570,60887,3557",3,0,1,269.0,Columbia County,Columbia County,Columbia,Columbia County,4,admin2,,,,,,USA_3557,53013,1,2021-12-14 11:42:45,,2021-12-14 11:42:45,2021-12-14 11:42:45,cheth,INSERT
986,120,3561,60887,"102,570,60887,3561",3,0,1,270.0,Cowlitz County,Cowlitz County,Cowlitz,Cowlitz County,4,admin2,,,,,,USA_3561,53015,1,2021-12-14 11:42:45,,2021-12-14 11:42:45,2021-12-14 11:42:45,cheth,INSERT
986,120,3537,60887,"102,570,60887,3537",3,0,1,271.0,Douglas County,Douglas County,Douglas,Douglas County,4,admin2,,,,,,USA_3537,53017,1,2021-12-14 11:42:45,,2021-12-14 11:42:45,2021-12-14 11:42:45,cheth,INSERT
986,120,3526,60887,"102,570,60887,3526",3,0,1,272.0,Ferry County,Ferry County,Ferry,Ferry County,4,admin2,,,,,,USA_3526,53019,1,2021-12-14 11:42:45,,2021-12-14 11:42:45,2021-12-14 11:42:45,cheth,INSERT
986,120,3554,60887,"102,570,60887,3554",3,0,1,273.0,Franklin County,Franklin County,Franklin,Franklin County,4,admin2,,,,,,USA_3554,53021,1,2021-12-14 11:42:45,,2021-12-14 11:42:45,2021-12-14 11:42:45,cheth,INSERT
986,120,3556,60887,"102,570,60887,3556",3,0,1,274.0,Garfield County,Garfield County,Garfield,Garfield County,4,admin2,,,,,,USA_3556,53023,1,2021-12-14 11:42:45,,2021-12-14 11:42:45,2021-12-14 11:42:45,cheth,INSERT
986,120,3540,60887,"102,570,60887,3540",3,0,1,275.0,Grant County,Grant County,Grant,Grant County,4,admin2,,,,,,USA_3540,53025,1,2021-12-14 11:42:45,,2021-12-14 11:42:45,2021-12-14 11:42:45,cheth,INSERT
986,120,3546,60887,"102,570,60887,3546",3,0,1,276.0,Grays Harbor County,Grays Harbor County,Grays Harbor,Grays Harbor County,4,admin2,,,,,,USA_3546,53027,1,2021-12-14 11:42:45,,2021-12-14 11:42:45,2021-12-14 11:42:45,cheth,INSERT
986,120,3536,60887,"102,570,60887,3536",3,0,1,277.0,Island County,Island County,Island,Island County,4,admin2,,,,,,USA_3536,53029,1,2021-12-14 11:42:45,,2021-12-14 11:42:45,2021-12-14 11:42:45,cheth,INSERT
986,120,3538,60887,"102,570,60887,3538",3,0,1,278.0,Jefferson County,Jefferson County,Jefferson,Jefferson County,4,admin2,,,,,,USA_3538,53031,1,2021-12-14 11:42:45,,2021-12-14 11:42:45,2021-12-14 11:42:45,cheth,INSERT
986,120,3542,60887,"102,570,60887,3542",3,0,1,279.0,Kitsap County,Kitsap County,Kitsap County,Kitsap County,4,admin2,,,,,,USA_3542,53035,1,2021-12-14 11:42:45,,2021-12-14 11:42:45,2021-12-14 11:42:45,cheth,INSERT
986,120,3545,60887,"102,570,60887,3545",3,0,1,280.0,Kittitas County,Kittitas County,Kittitas,Kittitas County,4,admin2,,,,,,USA_3545,53037,1,2021-12-14 11:42:45,,2021-12-14 11:42:45,2021-12-14 11:42:45,cheth,INSERT
986,120,3564,60887,"102,570,60887,3564",3,0,1,281.0,Klickitat County,Klickitat County,Klickitat,Klickitat County,4,admin2,,,,,,USA_3564,53039,1,2021-12-14 11:42:45,,2021-12-14 11:42:45,2021-12-14 11:42:45,cheth,INSERT
986,120,3553,60887,"102,570,60887,3553",3,0,1,282.0,Lewis County,Lewis County,Lewis,Lewis County,4,admin2,,,,,,USA_3553,53041,1,2021-12-14 11:42:45,,2021-12-14 11:42:45,2021-12-14 11:42:45,cheth,INSERT
986,120,3541,60887,"102,570,60887,3541",3,0,1,283.0,Lincoln County,Lincoln County,Lincoln,Lincoln County,4,admin2,,,,,,USA_3541,53043,1,2021-12-14 11:42:45,,2021-12-14 11:42:45,2021-12-14 11:42:45,cheth,INSERT
986,120,3544,60887,"102,570,60887,3544",3,0,1,284.0,Mason County,Mason County,Mason,Mason County,4,admin2,,,,,,USA_3544,53045,1,2021-12-14 11:42:45,,2021-12-14 11:42:45,2021-12-14 11:42:45,cheth,INSERT
986,120,3528,60887,"102,570,60887,3528",3,0,1,285.0,Okanogan County,Okanogan County,Okanogan,Okanogan County,4,admin2,,,,,,USA_3528,53047,1,2021-12-14 11:42:45,,2021-12-14 11:42:45,2021-12-14 11:42:45,cheth,INSERT
986,120,3552,60887,"102,570,60887,3552",3,0,1,286.0,Pacific County,Pacific County,Pacific,Pacific County,4,admin2,,,,,,USA_3552,53049,1,2021-12-14 11:42:45,,2021-12-14 11:42:45,2021-12-14 11:42:45,cheth,INSERT
986,120,3529,60887,"102,570,60887,3529",3,0,1,287.0,Pend Oreille County,Pend Oreille County,Pend Oreille,Pend Oreille County,4,admin2,,,,,,USA_3529,53051,1,2021-12-14 11:42:45,,2021-12-14 11:42:45,2021-12-14 11:42:45,cheth,INSERT
986,120,3547,60887,"102,570,60887,3547",3,0,1,288.0,Pierce County,Pierce County,Pierce,Pierce County,4,admin2,,,,,,USA_3547,53053,1,2021-12-14 11:42:45,,2021-12-14 11:42:45,2021-12-14 11:42:45,cheth,INSERT
986,120,3532,60887,"102,570,60887,3532",3,0,1,289.0,San Juan County,San Juan County,San Juan,San Juan County,4,admin2,,,,,,USA_3532,53055,1,2021-12-14 11:42:45,,2021-12-14 11:42:45,2021-12-14 11:42:45,cheth,INSERT
986,120,3531,60887,"102,570,60887,3531",3,0,1,290.0,Skagit County,Skagit County,Skagit,Skagit County,4,admin2,,,,,,USA_3531,53057,1,2021-12-14 11:42:45,,2021-12-14 11:42:45,2021-12-14 11:42:45,cheth,INSERT
986,120,3560,60887,"102,570,60887,3560",3,0,1,291.0,Skamania County,Skamania County,Skamania,Skamania County,4,admin2,,,,,,USA_3560,53059,1,2021-12-14 11:42:45,,2021-12-14 11:42:45,2021-12-14 11:42:45,cheth,INSERT
986,120,3535,60887,"102,570,60887,3535",3,0,1,292.0,Snohomish County,Snohomish County,Snohomish,Snohomish County,4,admin2,,,,,,USA_3535,53061,1,2021-12-14 11:42:45,,2021-12-14 11:42:45,2021-12-14 11:42:45,cheth,INSERT
986,120,3527,60887,"102,570,60887,3527",3,0,1,293.0,Stevens County,Stevens County,Stevens,Stevens County,4,admin2,,,,,,USA_3527,53065,1,2021-12-14 11:42:45,,2021-12-14 11:42:45,2021-12-14 11:42:45,cheth,INSERT
986,120,3550,60887,"102,570,60887,3550",3,0,1,294.0,Thurston County,Thurston County,Thurston,Thurston County,4,admin2,,,,,,USA_3550,53067,1,2021-12-14 11:42:45,,2021-12-14 11:42:45,2021-12-14 11:42:45,cheth,INSERT
986,120,3562,60887,"102,570,60887,3562",3,0,1,295.0,Wahkiakum County,Wahkiakum County,Wahkiakum,Wahkiakum County,4,admin2,,,,,,USA_3562,53069,1,2021-12-14 11:42:45,,2021-12-14 11:42:45,2021-12-14 11:42:45,cheth,INSERT
986,120,3558,60887,"102,570,60887,3558",3,0,1,296.0,Walla Walla County,Walla Walla County,Walla Walla,Walla Walla County,4,admin2,,,,,,USA_3558,53071,1,2021-12-14 11:42:45,,2021-12-14 11:42:45,2021-12-14 11:42:45,cheth,INSERT
986,120,3530,60887,"102,570,60887,3530",3,0,1,297.0,Whatcom County,Whatcom County,Whatcom,Whatcom County,4,admin2,,,,,,USA_3530,53073,1,2021-12-14 11:42:45,,2021-12-14 11:42:45,2021-12-14 11:42:45,cheth,INSERT
986,120,3549,60887,"102,570,60887,3549",3,0,1,298.0,Whitman County,Whitman County,Whitman,Whitman County,4,admin2,,,,,,USA_3549,53075,1,2021-12-14 11:42:45,,2021-12-14 11:42:45,2021-12-14 11:42:45,cheth,INSERT
986,120,3551,60887,"102,570,60887,3551",3,0,1,299.0,Yakima County,Yakima County,Yakima,Yakima County,4,admin2,,,,,,USA_3551,53077,1,2021-12-14 11:42:45,,2021-12-14 11:42:45,2021-12-14 11:42:45,cheth,INSERT
986,120,571,102,"102,571",1,0,0,300.0,West Virginia,West Virginia,W Virginia,West Virginia,3,admin1,,,,,,USA_571,US-WV,1,2021-12-14 11:42:45,,2021-12-14 11:42:45,2021-12-14 11:42:45,cheth,INSERT
986,120,3604,571,"102,571,3604",2,0,1,301.0,Kanawha County,Kanawha County,Kanawha,Kanawha County,4,admin2,,,,,,USA_3604,54039,1,2021-12-14 11:42:45,,2021-12-14 11:42:45,2021-12-14 11:42:45,cheth,INSERT
986,120,572,102,"102,572",1,0,0,302.0,Wisconsin,Wisconsin,Wisconsin,Wisconsin,3,admin1,,,,,,USA_572,US-WI,1,2021-12-14 11:42:45,,2021-12-14 11:42:45,2021-12-14 11:42:45,cheth,INSERT
986,120,3683,572,"102,572,3683",2,0,1,303.0,Dane County,Dane County,Dane,Dane County,4,admin2,,,,,,USA_3683,55025,1,2021-12-14 11:42:45,,2021-12-14 11:42:45,2021-12-14 11:42:45,cheth,INSERT
986,120,573,102,"102,573",1,0,0,304.0,Wyoming,Wyoming,Wyoming,Wyoming,3,admin1,,,,,,USA_573,US-WY,1,2021-12-14 11:42:45,,2021-12-14 11:42:45,2021-12-14 11:42:45,cheth,INSERT
986,120,3697,573,"102,573,3697",2,0,1,305.0,Teton County,Teton County,Teton,Teton County,4,admin2,,,,,,USA_3697,56039,1,2021-12-14 11:42:45,,2021-12-14 11:42:45,2021-12-14 11:42:45,cheth,INSERT
